event_name,priority,producer,trigger,dedup_key,properties,counts_as_core_activity,boundaries
download_click,P0,Umami 网站,实际 DMG 下载链接被点击；沿用现有事件,网页原生事件；汇总导入按报告窗口与维度覆盖更新,version; build; architecture; file_enum; placement,否,不与安装 ID 自动关联；不是完成下载
download_request,P0,下载服务,合法 GET 经固定资源映射返回跳转,download_request_id,artifact_id; version; architecture; source_enum; http_status,否,HEAD/已知预取/机器人排除；禁止任意 URL 与敏感 UTM
download_transfer_estimated,P1,CDN 日志派生,具备完整字节与分片关联证据时产生估计,download_transfer_id,artifact_id; bytes_covered; evidence_type,否,仅为完整传输估计；没有证据就不实现，不声称客户端落盘
install_first_seen,P0,采集服务派生,用户同意后第一次有效登记安装,installation_id,install_origin=fresh|existing|unknown; consent_version; first_seen_at,否,只代表新增可观测安装；拒绝者不登记
app_first_open,P0,客户端,确认首次安装运行且本次首次运行已同意统计,installation_id + event_name,install_origin=fresh; distribution_channel,否,不能补发未同意时的历史启动；未知历史不伪造 fresh
app_opened,P0,客户端,进程启动时统计已经开启,installation_id + app_session_id + event_name,launch_source=login|manual|unknown,否,常驻时间及启动次数不算核心活跃
interaction_started,P0,客户端任务控制器,用户快捷键任务被接受且获得唯一 interaction_id,installation_id + interaction_id + event_name,trigger=hotkey|ui; initial_mode_kind; initial_builtin_mode_id,是,忙碌中被拒的重复快捷键不计；初始模式不代表最终采用模式
recording_stopped,P0,客户端任务控制器,当前录音采集或准备被停止，冻结任务配置,installation_id + interaction_id + event_name,stop_reason=manual|automatic|cancel|start_failure; audio_duration_ms; audio_ready; locked_mode_kind; locked_builtin_mode_id; ai_required,否，关联原任务,自动收尾、取消和手动停止统一去重；不上传音频
asr_completed,P0,客户端识别服务,一次逻辑识别结束或取消,installation_id + interaction_id + event_name,outcome=success|empty|failed|cancelled; requested_provider; resolved_provider; local_fallback; input_chars; duration_ms; error_code,否，关联原任务,内部重连不增加对话；input_chars 仅数值
ai_completed,P0,客户端 AI 服务,一次逻辑后处理结束，包含超时、取消、输出拦截,installation_id + ai_request_id + event_name,purpose=input|connection_test; interaction_id (input 时必填); outcome=success|failed|cancelled; error_code; guard_action=unchanged|cleaned|blocked; provider; model_enum; thinking_enabled; attempt_count; output_chars; duration_ms,否，关联原任务,分离 connection_test；模型仅枚举，未知归 custom_model；取消由控制器补齐终态
interaction_finished,P0,客户端任务控制器,交付流程结束、取消、失败或下次启动恢复中断,installation_id + interaction_id + event_name,ai_requested; configuration_state; terminal_state; processing_outcome; result_ready; delivery_outcome; delivery_reason; locked_mode_kind; locked_builtin_mode_id; custom_mode_id; provider; model_enum; language_enum; thinking_enabled; input_chars; output_chars; audio_duration_ms; stop_to_delivery_ms; recovered; ended_at_known,否，关联原任务,唯一业务终态；不把模型成功或粘贴命令发出标为 paste_verified；没有输出内容
mode_selected,P0,客户端模式存储,用户切换模式且持久化成功,event_id,from_kind; to_kind; builtin_mode_id; custom_mode_id; source=menu|recording|settings,否,录音期可关联 interaction_id；不覆盖任务停止时快照；不报自定义名称
permission_checked,P1,客户端权限处理,首次用于实际操作或权限状态改变时,event_id,permission=microphone|speech|accessibility|post_event; state=granted|denied|not_determined|unknown; purpose=input|settings,否,不高频轮询上报，不读取目标应用文本
connection_changed,P1,客户端连接存储,连接新增/编辑/删除/设为当前且保存成功,event_id,action=create|update|delete|activate; provider; access=api|token_plan|custom; model_enum; credential_present; connection_count,否,不报密钥、其哈希、连接名称、地址或 workspace ID
connection_test_completed,P1,客户端连接编辑器,用户明确点击测试后得到成功/失败/取消,event_id,provider; model_enum; outcome; duration_ms; error_code,否,不是对话或活跃；对应 AI 事件 purpose=connection_test 必须排除业务统计
mode_saved,P1,客户端模式存储,新增/复制/编辑/删除模式成功,event_id,action=create|copy|update|delete; mode_kind; builtin_mode_id; custom_mode_id; custom_count,否,不报模式名称、场景规则或全局 Prompt；草稿逐字编辑不报
ai_attempt_started,P1,客户端 AI 传输层,实际发出一次 HTTP 请求,installation_id + attempt_id + event_name,interaction_id; ai_request_id; attempt_index; provider; model_enum; purpose=input|connection_test,否,重试共用 ai_request_id，但 attempt_id 新建；不报请求体和 URL
ai_attempt_finished,P1,客户端 AI 传输层,一次 HTTP 尝试结束或由超时/取消控制器结束,installation_id + attempt_id + event_name,interaction_id; ai_request_id; outcome; http_status_class; error_code; duration_ms; purpose,否,未结束尝试单列 pending；错误使用枚举，禁止 raw message
output_guard_decision,P1,客户端输出校验,发生清理或阻止；服务层与交付边界分别标识,installation_id + interaction_id + ai_request_id + stage + event_name,stage=response|delivery; action=cleaned|blocked; reason_enum; removed_block_count,否,不得记录被移除文本；现有 cleaned 包含普通包装清理，不能直接当泄露率
telemetry_queue_health,P1,客户端统计组件,统计开启且已有业务事件待发送时附带限频摘要,installation_id + report_window,queued_count; discarded_count; retry_count; oldest_age_bucket; schema_reject_count,否,不为活跃计数发心跳；不开启统计时不收集或上传
